epoch,accuracy,loss
0,0.5494505763053894,36.9488639831543
1,0.5824176073074341,5.51587438583374
2,0.6483516693115234,3.0339906215667725
3,0.5494505763053894,3.1434292793273926
4,0.5164835453033447,3.290269613265991
5,0.6043956279754639,2.907238483428955
6,0.7362637519836426,2.4295225143432617
7,0.8461538553237915,1.933836579322815
8,0.901098906993866,1.4515663385391235
9,0.9780219793319702,0.9370380640029907
